sheet,srNo,productName,value,stock
ALACATEL ,1,ALCATEL:V3 CLASSIC 4+128GB COSMIC GREY,12499,
ALACATEL ,2,ALCATEL:V3 CLASSIC 4+128GB HALO WHITE,12499,
ALACATEL ,3,ALCATEL:V3 CLASSIC 6+128 HALO WHITE,15000,
ALACATEL ,4,ALCATEL:V3 CLASSIC 6+128GB COSMIC GREY,15000,
ALACATEL ,5,ALCATEL:V3 ILTRA 6+128GB CHAMPAGNE GOLD,17999,
ALACATEL ,6,ALCATEL:V3 PRO 8+256GB MATCHA GREEN,17000,
ALACATEL ,7,ALCATEL:V3 PRO 8+256GB METALLIC GREY,17000,
ALACATEL ,8,ALCATEL:V3 ULTRA 6+128 HYPER BLUE,17999,
ALACATEL ,9,ALCATEL:V3 ULTRA 6+128GB OCEAN GREY,17999,
ALACATEL ,10,ALCATEL:V3 ULTRA 8+128GB CHAMPAGNE GOLD,19999,
ALACATEL ,11,ALCATEL:V3 ULTRA 8+128GB HYPER BLUE,19999,
ALACATEL ,12,ALCATEL:V3 ULTRA 8+128GB OCEAN GREY,19999,
ALACATEL ,13,AI PLUS NOVA 2 NEO 4+64GB BLACK ,13999,
ALACATEL ,14,AI PLUS NOVA 2 NEO 4+128GB BLUE ,14599,
ALACATEL ,15,AI PLUS NOVA 2 NEO 4+128GB RED,14599,
ALACATEL ,16,AI PLUS NOVA 2 NEO 6+128GB BLACK ,15999,
ALACATEL ,17,AI PLUS NOVA 2 NEO 6+128GB BLUE ,15999,
APPLE ,1,APPLE:15 128GB MTP03HN/A BLACK,59900,
APPLE ,2,APPLE:15 128GB MTP43HN/A BLUE,59900,
APPLE ,3,APPLE:15 256GB MTP63HN/A BLACK,69900,
APPLE ,4,APPLE:15 256GB MTP93HN/A BLUE,69900,
APPLE ,5,APPLE:16 128GB MYE73HN/A BLACK,69900,
APPLE ,6,APPLE:16 128GB MYE93HN/A WHITE,69900,
APPLE ,7,APPLE:16 128GB MYEA3HN/A PINK,69900,
APPLE ,8,APPLE:16 128GB MYEC3HN/A ULTRAMARINE,69900,
APPLE ,9,APPLE:16 128GB MYED3HN/A TEAL,69900,
APPLE ,10,APPLE:16E 128GB MD1Q4HN/A BLACK,54900,
APPLE ,11,APPLE:16E 128GB MD1R4HN/A WHITE,54900,
APPLE ,12,APPLE:16E 256GB MD1T4HN/A BLACK,64900,
APPLE ,13,APPLE:16E 256GB MD1W4HN/A WHITE,64900,
APPLE ,14,APPLE:17 256GB MG6J4HN/A BLACK,82900,
APPLE ,15,APPLE:17 256GB MG6K4HN/A WHITE,82900,
APPLE ,16,APPLE:17 256GB MG6L4HN/A MIST BLUE,82900,
APPLE ,17,APPLE:17 256GB MG6M4HN/A LAVENDER,82900,
APPLE ,18,APPLE:17 256GB MG6N4HN/A SAGE,82900,
APPLE ,19,APPLE:17 512GB MG6P4HN/A BLACK,102900,
APPLE ,20,APPLE:17 512GB MG6Q4HN/A WHITE,102900,
APPLE ,21,APPLE:17 512GB MG6T4HN/A MIST BLUE,102900,
APPLE ,22,APPLE:17 512GB MG6U4HN/A LAVENDER,102900,
APPLE ,23,APPLE:17 512GB MG6V4HN/A SAGE,102900,
APPLE ,24,APPLE:17 PRO 1TB MG8P4HN/A SILVER,174900,
APPLE ,25,APPLE:17 PRO 1TB MG8Q4HN/A COSMIC ORANGE,174900,
APPLE ,26,APPLE:17 PRO 1TB MG8R4HN/A DEEP BLUE,174900,
APPLE ,27,APPLE:17 PRO 256GB MG8G4HN/A SILVER,134900,
APPLE ,28,APPLE:17 PRO 256GB MG8H4HN/A COSMIC ORANGE,134900,
APPLE ,29,APPLE:17 PRO 256GB MG8J4HN/A DEEP BLUE,134900,
APPLE ,30,APPLE:17 PRO 512GB MG8K4HN/A SILVER,154900,
APPLE ,31,APPLE:17 PRO 512GB MG8M4HN/A COSMIC ORANGE,154900,
APPLE ,32,APPLE:17 PRO 512GB MG8N4HN/A DEEP BLUE,154900,
APPLE ,33,APPLE:17 PRO MAX 1TB MFYV4HN/A SILVER,189900,
APPLE ,34,APPLE:17 PRO MAX 1TB MFYW4HN/A COSMIC ORANGE,189900,
APPLE ,35,APPLE:17 PRO MAX 1TB MFYX4HN/A DEEP BLUE,189900,
APPLE ,36,APPLE:17 PRO MAX 256GB MFYN4HN/A COSMIC ORANGE,149900,
APPLE ,37,APPLE:17 PRO MAX 256GB MFYP4HN/A DEEP BLUE,149900,
APPLE ,38,APPLE:17 PRO MAX 256GB MFYYM4HN/A SILVER,149900,
APPLE ,39,APPLE:17 PRO MAX 512GB MFYQ4HN/A SILVER,169900,
APPLE ,40,APPLE:17 PRO MAX 512GB MFYT4HN/A COSMIC ORANGE,169900,
APPLE ,41,APPLE:17 PRO MAX 512GB MFYU4HN/A DEEP BLUE,169900,
APPLE ,42,APPLE:17E 256GB  MHRX4HN/A SOFT PINK,64900,
APPLE ,43,APPLE:17E 256GB MHRV4HN/A BLACK,64900,
APPLE ,44,APPLE:17E 256GB MHRW4HN/A WHITE,64900,
APPLE ,45,APPLE:AIR 256GB MG2L4HN/A SPACE BLACK,103900,
APPLE ,46,APPLE:AIR 256GB MG2M4HN/A CLOUD WHITE,103900,
APPLE ,47,APPLE:AIR 256GB MG2N4HN/A LIGHT GOLD,103900,
APPLE ,48,APPLE:AIR 256GB MG2P4HN/A SKY BLUE,103900,
APPLE ,49,APPLE:IPAD 11 GEN MD3Y4HN/A 11-INCH WIFI 128GB SILVER,49900,
APPLE ,50,APPLE:IPAD 11 GEN MD4A4HN/A 11-INCH WIFI 128GB BLUE,49900,
APPLE ,51,APPLE:IPAD 11 GEN MD4G4HN/A 11-INCH WIFI 256GB SILVER,61900,
APPLE ,52,APPLE:IPAD 11 MD4H4HN/A 11-INCH WIFI 256GB BLUE,61900,
APPLE ,53,APPLE:S11 GPS 42mm MEQT4HN/A Jet Black Aluminium Case with Black Sport Band - S/M,46900,
APPLE ,54,APPLE:S11 GPS 42mm MEQU4HN/A Jet Black Aluminium Case with Black Sport Band - M/L,46900,
APPLE ,55,APPLE:S11 GPS 46mm MEUX4HN/A Jet Black Aluminium Case with Black Sport Band - M/L,49900,
APPLE ,56,APPLE:SE 3 GPS 40mm MEH54HN/A Starlight Aluminium Case with Starlight Sport Band - M/L,25900,
APPLE ,57,APPLE:SE 3 GPS 44mm MEHQ4HN/A Midnight Aluminium Case with Midnight Sport Band - M/L,28900,
APPLE ,58,APPLE:MACBOOK NEO 13 MHFE4HN  8+512GB A18/6C/5C GPU CITRUS,89900,
APPLE ,59,APPLE:MACBOOK NEO 13 MHFG4HN 8+512GB A18/6C/5C GPU INDIGO,89900,
APPLE ,60,APPLE:MACBOOK NEO 13 MHFJ4HN 8+512GB A18/6C/5C GPU BLUSH,89900,
APPLE ,61,APPLE:AIRPODS 4 MXP63HN/A WHITE,12900,
APPLE ,62,APPLE:AIRPODS 4 WANC MXP93HN/A WHITE,17900,
APPLE ,63,APPLE:AIRPODS PRO 3 MFHP4HN/A WHITE,25900,
APPLE ,64,APPLE:AIRPODS PRO 2ND GEN MTJV3HN/A MAGSAFE CASE USB-C WHITE,24900,
GOOGLE,1,GOOGLE:PIXEL 10 256GB FROST,74999,2
GOOGLE,2,GOOGLE:PIXEL 10 256GB INDIGO,74999,2
GOOGLE,3,GOOGLE:PIXEL 10 256GB OBSIDIAN,74999,2
GOOGLE,4,GOOGLE:PIXEL 10A 256GB BERRY,55999,0
GOOGLE,5,GOOGLE:PIXEL 10A 256GB FOG,55999,0
GOOGLE,6,GOOGLE:PIXEL 10A 256GB LAVENDER,55999,2
GOOGLE,7,GOOGLE:PIXEL 10A 256GB OBSIDIAN,55999,2
GOOGLE,8,GOOGLE:PIXEL 11 256GB FROST,89999,1
GOOGLE,9,GOOGLE:PIXEL 11 256GB HIBISCUS,89999,1
GOOGLE,10,GOOGLE:PIXEL 11 256GB OBSIDIAN,89999,1
GOOGLE,11,GOOGLE:PIXEL 11 256GB PISTACHIO,89999,1
GOOGLE,12,GOOGLE:PIXEL 11 512GB FROST,104999,1
GOOGLE,13,GOOGLE:PIXEL 11 512GB OBSIDIAN,104999,1
GOOGLE,14,GOOGLE:PIXEL 11 512GB PISTACHIO,104999,1
GOOGLE,15,GOOGLE:PIXEL 11 PRO 256GB CANYON,119999,1
GOOGLE,16,GOOGLE:PIXEL 11 PRO 256GB OBSIDIAN,119999,1
GOOGLE,17,GOOGLE:PIXEL 11 PRO 256GB OLIVE,119999,1
GOOGLE,18,GOOGLE:PIXEL 11 PRO 512GB CANYON,134999,1
GOOGLE,19,GOOGLE:PIXEL 11 PRO 512GB FOG,134999,1
GOOGLE,20,GOOGLE:PIXEL 11 PRO 512GB OBSIDIAN,134999,1
GOOGLE,21,GOOGLE:PIXEL 11 PRO 512GB OLIVE,134999,1
GOOGLE,22,GOOGLE:PIXEL 11 PRO FOLD 512GB OLIVE,186999,3
GOOGLE,23,GOOGLE:PIXEL 11 PRO XL 256GB CANYON,134999,1
GOOGLE,24,GOOGLE:PIXEL 11 PRO XL 256GB FOG,134999,1
INFINIX,1,INFINIX:NOTE 60 PRO 8+128GB DEEP OCEAN BLUE,35999,
INFINIX,2,INFINIX:NOTE 60 PRO 8+128GB MOCHA BROWN,35999,
INFINIX,3,INFINIX:NOTE 60 PRO 8+128GB SOLAR ORANGE,35999,
INFINIX,4,INFINIX:NOTE 60 PRO 8+256GB DEEP OCEAN BLUE,39999,
INFINIX,5,INFINIX:NOTE 60 PRO 8+256GB MOCHA BROWN,39999,
INFINIX,6,INFINIX:NOTE 60 PRO 8+256GB SOLAR ORANGE,39999,
INFINIX,7,INFINIX:NOTE 60 PRO 8+256GB TACTICAL EDITION,39999,
INFINIX,8,INFINIX:NOTE 60 PRO 8+256GB TORINO BLACK,39999,
INFINIX,9,INFINIX:NOTE EDGE 6+128GB LUNAR TITANIUM,22999,
INFINIX,10,INFINIX:NOTE EDGE 6+128GB SILK GREEN,22999,
INFINIX,11,INFINIX:NOTE EDGE 6+128GB SOLAR ORANGE,22999,
INFINIX,12,INFINIX:NOTE EDGE 6+128GB STELLAR BLUE,22999,
INFINIX,13,INFINIX:NOTE EDGE 8+128GB LUNAR TITANIUM,24999,
INFINIX,14,INFINIX:NOTE EDGE 8+128GB SILK GREEN,24999,
INFINIX,15,INFINIX:NOTE EDGE 8+128GB STELLAR BLUE,24999,
INFINIX,16,INFINIX:NOTE EDGE 8+256GB LUNAR TITANIUM,26999,
INFINIX,17,INFINIX:NOTE EDGE 8+256GB SILK GREEN,26999,
INFINIX,18,INFINIX:NOTE EDGE 8+256GB STELLAR BLUE,26999,
MOTOROLA ,1,MOTOROLA:MOTO EDGE 70 FUSION 12+256GB BLUE SURF,34999,
MOTOROLA ,2,MOTOROLA:MOTO EDGE 70 FUSION 12+256GB COUNTRY AIR,34999,
MOTOROLA ,3,MOTOROLA:MOTO EDGE 70 FUSION 8+128GB BLUE SURF,30999,
MOTOROLA ,4,MOTOROLA:MOTO EDGE 70 FUSION 12+256GB BLUE SURF,34999,
MOTOROLA ,5,MOTOROLA:MOTO EDGE 70 FUSION 12+256GB COUNTRY AIR,34999,
MOTOROLA ,6,MOTOROLA:MOTO EDGE 70 FUSION 12+256GB SILHOUTTE,34999,
MOTOROLA ,7,MOTOROLA:MOTO EDGE 70 FUSION 8+128GB BLUE SURF,30999,
MOTOROLA ,8,MOTOROLA:MOTO EDGE 70 FUSION 8+128GB COUNTRY AIR,30999,
MOTOROLA ,9,MOTOROLA:MOTO EDGE 70 FUSION 8+128GB SILHOUUETTE,30999,
MOTOROLA ,10,MOTOROLA:MOTO EDGE 70 PRO 12+256GB LILY WHITE,42999,
MOTOROLA ,11,MOTOROLA:MOTO EDGE 70 PRO 12+256GB TEA,42999,
MOTOROLA ,12,MOTOROLA:MOTO EDGE 70 PRO 12+256GB TITAN BLUE,42999,
MOTOROLA ,13,MOTOROLA:MOTO EDGE 70 PRO 8+256GB LILY WHITE,39999,
MOTOROLA ,14,MOTOROLA:MOTO EDGE 70 PRO 8+256GB TEA GREEN,39999,
MOTOROLA ,15,MOTOROLA:MOTO EDGE 70 PRO 8+256GB TITAN BLUE,39999,
MOTOROLA ,16,MOTOROLA:MOTO EDGE 70 PROPLUS 12+256GB CHICORY COFFEE BROWN,47999,
MOTOROLA ,17,MOTOROLA:MOTO EDGE 70 PROPLUS 12+256GB ZINFANDEL MAROON,47999,
MOTOROLA ,18,MOTOROLA:MOTO G06 4+64GB PANTONE LAUREL OAK,15999,
MOTOROLA ,19,MOTOROLA:MOTO G06 4+64GB TAPESTRY,15999,
MOTOROLA ,20,MOTOROLA:MOTO G06 4+64GB TENDRIL,15999,
MOTOROLA ,21,MOTOROLA:MOTO G35 4+128GB LEAF GREEN/MIDNIGHT BLACK,16000,
MOTOROLA ,22,MOTOROLA:MOTO G35 4+128GB MIDNIGHT BLACK,16000,
MOTOROLA ,23,MOTOROLA:MOTO G37 4+64GB CAPRI (CYAN),18999,
MOTOROLA ,24,MOTOROLA:MOTO G37 4+64GB CAPRI CYAN,18999,
MOTOROLA ,25,MOTOROLA:MOTO G37 4+64GB IMPENETRABLE BLACK,18999,
MOTOROLA ,26,MOTOROLA:MOTO G37 4+64GB NAUTICAL BLUE,18999,
MOTOROLA ,27,MOTOROLA:MOTO G37 POWER 4+128GB CAPRI,21999,
MOTOROLA ,28,MOTOROLA:MOTO G37 POWER 4+128GB NAUTICAL BLUE,21999,
MOTOROLA ,29,MOTOROLA:MOTO G37 POWER 8+128GB CAPRI,27999,
MOTOROLA ,30,MOTOROLA:MOTO G37 POWER 8+128GB NAUTICAL BLUE,27999,
MOTOROLA ,31,MOTOROLA:MOTO G57 POWER 8+128GB CORSAIR,21999,
MOTOROLA ,32,MOTOROLA:MOTO G57 POWER 8+128GB FLUIDITY,21999,
MOTOROLA ,33,MOTOROLA:MOTO G57 POWER 8+128GB REGATTA,21999,
MOTOROLA ,34,MOTOROLA:MOTO G67 POWER 12+256GB CURACAO BLUE,27999,
MOTOROLA ,35,MOTOROLA:MOTO G67 POWER 8+128GB CILENTRO,22999,
MOTOROLA ,36,MOTOROLA:MOTO G67 POWER 8+128GB CURACAO BLUE,22999,
MOTOROLA ,37,MOTOROLA:MOTO G67 POWER 8+128GB PARACHUTE,22999,
MOTOROLA ,38,MOTOROLA:MOTO SIGNATURE 12+256GB CARBON,59999,
MOTOROLA ,39,MOTOROLA:MOTO SIGNATURE 12+256GB MARTINE OLIVE,59999,
MOTOROLA ,40,MOTOROLA:MOTO EDGE 70 FUSION 12+512GB COUNTRY AIR,38999,
MOTOROLA ,41,MOTOROLA:MOTO EDGE 70 FUSION 12+512GB ORIENT BLUE,38999,
MOTOROLA ,42,MOTOROLA:MOTO G77 POWER 8+128GB NAUTICAL BLUE,29999,
MOTOROLA ,43,MOTOROLA:MOTO EDGE 70 FUSION 12+512GB COUNTRY AIR,38999,
MOTOROLA ,44,MOTOROLA:MOTO EDGE 70 FUSION 12+512GB ORIENT BLUE,38999,
MOTOROLA ,45,MOTOROLA:MOTO EDGE 70 MAX 12+256GB ICE MELT,59999,
MOTOROLA ,46,MOTOROLA:MOTO EDGE 70 MAX 8+256GB AQUA GRAY,54999,
MOTOROLA ,47,MOTOROLA:MOTO EDGE 70 MAX 8+256GB DARK SHADOW,54999,
MOTOROLA ,48,MOTOROLA:MOTO EDGE 70 FUSION 12+512GB BLUE SURF,38999,
MOTOROLA ,49,MOTOROLA:MOTO PAD 60 NEO 5G 4+128GB BRONZE GREEN,22999,
MOTOROLA ,50,MOTOROLA:MOTO PAD 60 NEO WIFI 4+128GB MABILBU BLUE,20499,
MOTOROLA ,51,MOTOROLA:MOTO PAD 60 NEO WIFI 8+128GB MABILBU BLUE,26999,
NOTHING,1,NOTHING:PHONE 3A LITE 8+128GB BLACK,27999,
NOTHING,2,NOTHING:PHONE 3A LITE 8+128GB BLUE,27999,
NOTHING,3,NOTHING:PHONE 3A LITE 8+128GB WHITE,27999,
NOTHING,4,NOTHING:PHONE 3A LITE 8+256GB BLACK,29999,
NOTHING,5,NOTHING:PHONE 3A LITE 8+256GB BLUE,29999,
NOTHING,6,NOTHING:PHONE 3A LITE 8+256GB WHITE,29999,
NOTHING,7,NOTHING:PHONE 4A 12+256GB BLACK,50999,
NOTHING,8,NOTHING:PHONE 4A 12+256GB BLUE,50999,
NOTHING,9,NOTHING:PHONE 4A 12+256GB PINK,50999,
NOTHING,10,NOTHING:PHONE 4A 12+256GB WHITE,50999,
NOTHING,11,NOTHING:PHONE 4A 8+128GB BLACK,44999,
NOTHING,12,NOTHING:PHONE 4A 8+128GB WHITE,44999,
NOTHING,13,NOTHING:PHONE 4A 8+256GB BLACK,49999,
NOTHING,14,NOTHING:PHONE 4A 8+256GB BLUE,49999,
NOTHING,15,NOTHING:PHONE 4A 8+256GB WHITE,49999,
NOTHING,16,NOTHING:PHONE 4A PRO 12+256GB BLACK,59999,
NOTHING,17,NOTHING:PHONE 4A PRO 12+256GB PINK,59999,
NOTHING,18,NOTHING:PHONE 4A PRO 12+256GB SILVER,59999,
NOTHING,19,NOTHING:PHONE 4A PRO 8+128GB BLACK,54999,
NOTHING,20,NOTHING:PHONE 4A PRO 8+128GB SILVER,54999,
NOTHING,21,NOTHING:PHONE 4A PRO 8+256GB BLACK,57999,
NOTHING,22,NOTHING:PHONE 4A PRO 8+256GB SILVER,57999,
NOTHING,23,NOTHING:PHONE 4B 8+128GB BLACK,39999,
NOTHING,24,NOTHING:PHONE 4B 8+128GB WHITE,39999,
NOTHING,25,NOTHING:PHONE 4B 8+256GB BLACK,40999,
NOTHING,26,NOTHING:PHONE 4B 8+256GB BLUE,40999,
NOTHING,27,NOTHING:PHONE 4B 8+256GB WHITE,40999,
NOTHING,,  ,,
OPPO,1,OPPO:A6 PRO 5G 8+128GB AURORA GOLD,30999,
OPPO,2,OPPO:A6 PRO 5G 8+128GB CAPPUCCINO BROWN,30999,
OPPO,3,OPPO:A6 PRO 5G 8+256GB AURORA GOLD,33999,
OPPO,4,OPPO:A6 PRO 5G 8+256GB CAPPUCCINO BROWN,33999,
OPPO,5,OPPO:A6C 4G 4+128GB FEATHER WHITE,16999,
OPPO,6,OPPO:A6C 4G 4+128GB STONE BROWN,16999,
OPPO,7,OPPO:A6C 4G 4+64GB FEATHER WHITE,14999,
OPPO,8,OPPO:A6C4G 4+64GB STONE BROWN,14999,
OPPO,9,OPPO:A6S 5G 4+128GB AURORA GOLD,24999,
OPPO,10,OPPO:A6S 5G 4+128GB PLUM PURPLE,24999,
OPPO,11,OPPO:A6S 5G 6+128GB AURORA GOLD,27999,
OPPO,12,OPPO:A6S 5G 6+128GB PLUM PURPLE,27999,
OPPO,13,OPPO:A6X 5G 4+128GB ICE BLUE,21999,
OPPO,14,OPPO:A6X 5G 4+128GB OLIVE GREEN,21999,
OPPO,15,OPPO:A6X 5G 4+64GB ICE BLUE,18999,
OPPO,16,OPPO:A6X 5G 4+64GB OLIVE GREEN,18999,
OPPO,17,OPPO:A6X 5G 6+128GB ICE BLUE,24999,
OPPO,18,OPPO:A6X 5G 6+128GB OLIVE GREEN,24999,
OPPO,19,OPPO:F33 5G 6+128GB FOREST GREEN,34999,
OPPO,20,OPPO:F33 5G 6+128GB PEARL WHITE,34999,
OPPO,21,OPPO:F33 5G 8+128GB FOREST GREEN,36999,
OPPO,22,OPPO:F33 5G 8+128GB PEARL WHITE,36999,
OPPO,23,OPPO:F33 5G 8+256GB FOREST GREEN,39999,
OPPO,24,OPPO:F33 5G 8+256GB PEARL WHITE,39999,
OPPO,25,OPPO:F33 PRO 5G 8+128GB MISTRY FOREST,39999,
OPPO,26,OPPO:F33 PRO 5G 8+128GB PASSION RED,39999,
OPPO,27,OPPO:F33 PRO 5G 8+128GB STARRY BLUE,39999,
OPPO,28,OPPO:F33 PRO 5G 8+256GB MISTRY FOREST,43999,
OPPO,29,OPPO:F33 PRO 5G 8+256GB PASSION RED,43999,
OPPO,30,OPPO:F33 PRO 5G 8+256GB STARRY BLUE,43999,
OPPO,31,OPPO:FIND X9 12+256GB SPACE BLACK,84999,
OPPO,32,OPPO:FIND X9 12+256GB TITANIUM GREY,84999,
OPPO,33,OPPO:FIND X9 12+256GB VELVET RED,84999,
OPPO,34,OPPO:FIND X9 16+512GB SPACE BLACK,94999,
OPPO,35,OPPO:FIND X9 16+512GB TITANIUM GREY,94999,
OPPO,36,OPPO:FIND X9 PRO 16+512GB SILK WHITE,109999,
OPPO,37,OPPO:FIND X9 PRO 16+512GB TITANIUM CHARCOAL,109999,
OPPO,38,OPPO:FIND X9 ULTRA 12+512GB CANYON ORANGE,169999,
OPPO,39,OPPO:FIND X9 ULTRA 12+512GB TUNDRA UMBER,169999,
OPPO,40,OPPO:FIND X9S 12+256GB LAVENDER SKY,84999,
OPPO,41,OPPO:FIND X9S 12+256GB MIDNIGHT GREY,84999,
OPPO,42,OPPO:FIND X9S 12+256GB SUNSET ORANGE,84999,
OPPO,43,OPPO:FIND X9S 12+512GB SUNSET ORANGE,94999,
OPPO,44,OPPO:K14X 5G 4+128GB ICY BLUE,18999,
OPPO,45,OPPO:K14X 5G 4+128GB PRISM VIOLET,18999,
OPPO,46,OPPO:K14X 5G 6+128GB ICY BLUE,20999,
OPPO,47,OPPO:K14X 5G 6+128GB PRISM VIOLET,20999,
OPPO,48,OPPO:RENO 15 5G 12+512GB TWILIGHT BLUE,55999,
OPPO,49,OPPO:RENO 15 5G 8+256GB AURORA BLUE,47999,
OPPO,50,OPPO:RENO 15 PRO 5G 12+256GB COCOA BROWN,67999,
OPPO,51,OPPO:RENO 15 PRO 5G 12+256GB SUNSET GOLD,67999,
OPPO,52,OPPO:RENO 15 PRO 5G 12+512GB COCOA BROWN,72999,
OPPO,53,OPPO:RENO 15 PRO 5G 12+512GB SUNSET GOLD,72999,
OPPO,54,OPPO:RENO 15 PRO MINI 5G 12+256GB COCOA BROWN,59999,
OPPO,55,OPPO:RENO 15 PRO MINI 5G 12+256GB CRYSTAL PINK,59999,
OPPO,56,OPPO:RENO 15 PRO MINI 5G 12+256GB GLACIER WHITE,59999,
OPPO,57,OPPO:RENO 15 PRO MINI 5G 12+512GB COCOA BROWN,64999,
OPPO,58,OPPO:RENO 15 PRO MINI 5G 12+512GB GLACIER WHITE,64999,
OPPO,59,OPPO:RENO 15C 5G 12+256GB AFTERGLOW PINK,44999,
OPPO,60,OPPO:RENO 15C 5G 12+256GB TWILIGHT BLUE,44999,
OPPO,61,OPPO:RENO 15C 5G 8+256GB AFTERGLOW PINK,41999,
OPPO,62,OPPO:RENO 15C 5G 8+256GB TWILIGHT BLUE,41999,
OPPO,63,OPPO:RENO 16 5G 12+256GB STARRY WHITE,72999,
OPPO,64,OPPO:RENO 16 5G 12+256GB TWILIGHT VIOLET,72999,
OPPO,65,OPPO:RENO 16 5G 8+256GB STARRY WHITE,66999,
OPPO,66,OPPO:RENO 16 5G 8+256GB STELLAR PURPLE,66999,
OPPO,67,OPPO:RENO 16 5G 8+256GB TWILIGHT VIOLET,66999,
OPPO,68,OPPO:RENO 16C 5G 12+256GB STARRY WHITE,59999,
OPPO,69,OPPO:RENO 16C 5G 12+256GB TWILIGHT VIOLET,59999,
OPPO,70,OPPO:RENO 16C 5G 8+256GB STARRY WHITE,53999,
OPPO,71,OPPO:RENO 16C 5G 8+256GB STELLAR PURPLE,53999,
OPPO,72,OPPO:RENO 16C 5G 8+256GB TWILIGHT VIOLET,53999,
REALME ,1,REALME:12 PRO PLUS 5G 12+256GB SUBMARINE BLUE,32000,
REALME ,2,REALME:12 PRO PLUS 5G 8+256GB SUBMARINE BLUE,30000,
REALME ,3,REALME:15X 5G 6+128GB AQUE BLUE,23999,
REALME ,4,REALME:15X 5G 6+128GB MARINE BLUE,23999,
REALME ,5,REALME:15X 5G 6+128GB MAROON RED,23999,
REALME ,6,REALME:15X 5G 8+128GB AQUE BLUE,25999,
REALME ,7,REALME:15X 5G 8+128GB MARINE BLUE,25999,
REALME ,8,REALME:15X 5G 8+128GB MAROON RED,25999,
REALME ,9,REALME:15X 5G 8+256GB MARINE BLUE,27999,
REALME ,10,REALME:16 5G 12+256GB AIR BLACK,42999,
REALME ,11,REALME:16 5G 12+256GB AIR WHITE,42999,
REALME ,12,REALME:16 5G 8+128GB AIR BLACK,36999,
REALME ,13,REALME:16 5G 8+128GB AIR WHITE,36999,
REALME ,14,REALME:16 5G 8+256GB AIR BLACK,39999,
REALME ,15,REALME:16 5G 8+256GB AIR WHITE,39999,
REALME ,16,REALME:16 PRO 5G 12+256GB MASTER GOLD,49999,
REALME ,17,REALME:16 PRO 5G 12+256GB MASTER GREY,49999,
REALME ,18,REALME:16 PRO 5G 12+256GB PEBBLE GREY,49999,
REALME ,19,REALME:16 PRO 5G 8+128GB MASTER GOLD,44999,
REALME ,20,REALME:16 PRO 5G 8+256GB MASTER GOLD,46999,
REALME ,21,REALME:16 PRO 5G 8+256GB ORCHID PURPLE,46999,
REALME ,22,REALME:16 PRO 5G 8+256GB PEBBLE GREY,46999,
REALME ,23,REALME:16 PRO PLUS 5G 12+256GB MASTER GOLD,58999,
REALME ,24,REALME:16 PRO PLUS 5G 12+256GB MASTER GREY,58999,
REALME ,25,REALME:16 PRO PLUS 5G 8+128GB MASTER GOLD,53999,
REALME ,26,REALME:16 PRO PLUS 5G 8+256GB MASTER GOLD,55999,
REALME ,27,REALME:16 PRO PLUS 5G 8+256GB MASTER GREY,55999,
REALME ,28,REALME:16T 5G 6+128GB AURORA GREEN,30999,
REALME ,29,REALME:16T 5G 6+128GB STARLIGHT BLACK,30999,
REALME ,30,REALME:16T 5G 6+128GB STARLIGHT RED,30999,
REALME ,31,REALME:16T 5G 8+128GB AURORA GREEN,32999,
REALME ,32,REALME:16T 5G 8+128GB STARLIGHT BLACK,32999,
REALME ,33,REALME:16T 5G 8+128GB STARLIGHT RED,32999,
REALME ,34,REALME:16T 5G 8+256GB AURORA GREEN,35999,
REALME ,35,REALME:16T 5G 8+256GB STARLIGHT BLACK,35999,
REALME ,36,REALME:16T 5G 8+256GB STARLIGHT RED,35999,
REALME ,37,REALME:C71 4+64GB OBSIDIAN BLACK,12999,
REALME ,38,REALME:C71 4+64GB SEA BLUE,12999,
REALME ,39,REALME:C83 5G 4+128GB BLOOMING PURPLE,21499,
REALME ,40,REALME:C83 5G 4+128GB SPROUTING GREEN,21499,
REALME ,41,REALME:C83 5G 4+64GB BLOOMING PURPLE,18499,
REALME ,42,REALME:C83 5G 4+64GB SPROUTING GREEN,18499,
REALME ,43,REALME:C83 5G 6+128GB BLOOMING PURPLE,24499,
REALME ,44,REALME:C83 5G 6+128GB SPROUTING GREEN,24499,
REALME ,45,REALME:C85 5G 4+128GB PARROT PURPLE,21999,
REALME ,46,REALME:C85 5G 4+128GB PEACOCK GREEN,21999,
REALME ,47,REALME:C85 5G 6+128GB PARROT PURPLE,23999,
REALME ,48,REALME:C85 5G 6+128GB PEACOCK GREEN,23999,
REALME ,49,REALME:P4 LITE 5G 4+64GB MOSAIC BLUE,15499,
REALME ,50,REALME:P4 LITE 5G 4+64GB MOSAIC GREEN,15499,
REALME ,51,REALME:P4 LITE 5G 6+128GB MOSAIC BLUE,19999,
REALME ,52,REALME:P4 LITE 5G 6+128GB MOSAIC GREEN,19999,
REALME ,53,REALME:P4 POWER 5G 12+256GB TRANSSILVER,34999,
REALME ,54,REALME:P4X 5G 8+128GB ELEGANT PINK,24999,
REALME ,55,REALME:PAD 3 5G 8+128GB CHAMGNE GOLD,31999,
REALME ,56,REALME:PAD 3 5G 8+128GB SPACE GREY,31999,
REALME ,57,REALME:PAD 3 5G 8+256GB CHAMPAGNE GOLD,33999,
REALME ,58,REALME:PAD 3 5G 8+256GB SPACE GREY,33999,
REALME ,59,C100X 4+64GB DEEPBLUE TIDES,16999,
REALME ,60,C100X 4+64GB GOLDEN COAST ,16999,
REDMI,1,REDMI:15 5G 6+128GB FROSTED WHITE,21499,
REDMI,2,REDMI:15 5G 6+128GB MIDNIGHT BLACK,21499,
REDMI,3,REDMI:15 5G 6+128GB SANDY PURPLE,21499,
REDMI,4,REDMI:15 5G 8+128GB FROSTED WHITE,23499,
REDMI,5,REDMI:15 5G 8+128GB MIDNIGHT BLACK,23499,
REDMI,6,REDMI:15 5G 8+128GB SANDY PURPLE,23499,
REDMI,7,REDMI:15 5G 8+256GB FROSTED WHITE,25499,
REDMI,8,REDMI:15 5G 8+256GB MIDNIGHT BLACK,25499,
REDMI,9,REDMI:15 5G 8+256GB SANDY PURPLE,25499,
REDMI,10,REDMI:15A 5G 4+128GB ACE BLACK,17499,
REDMI,11,REDMI:15A 5G 4+128GB AMAZE PURPLE,17499,
REDMI,12,REDMI:15A 5G 4+128GB AWESOME BLUE,17499,
REDMI,13,REDMI:15A 5G 4+64GB ACE BLACK,15999,
REDMI,14,REDMI:15A 5G 4+64GB AMAZE PURPLE,15999,
REDMI,15,REDMI:15A 5G 4+64GB AWESOME BLUE,15999,
REDMI,16,REDMI:15A 5G 6+128GB ACE BLACK,19499,
REDMI,17,REDMI:15A 5G 6+128GB AMAZE PURPLE,19499,
REDMI,18,REDMI:15A 5G 6+128GB AWESOME BLUE,19499,
REDMI,19,REDMI:15C 5G 4+128GB DUSK PURPLE,18499,
REDMI,20,REDMI:15C 5G 4+128GB MIDNIGHT BLACK,18499,
REDMI,21,REDMI:15C 5G 4+128GB MOONLIGHT BLUE,18499,
REDMI,22,REDMI:15C 5G 6+128GB DUSK PURPLE,20499,
REDMI,23,REDMI:15C 5G 6+128GB MIDNIGHT BLACK,20499,
REDMI,24,REDMI:15C 5G 6+128GB MOONLIGHT BLUE,20499,
REDMI,25,REDMI:15C 5G 8+128GB DUSK PURPLE,22499,
REDMI,26,REDMI:15C 5G 8+128GB MIDNIGHT BLACK,22499,
REDMI,27,REDMI:15C 5G 8+128GB MOONLIGHT BLUE,22499,
REDMI,28,REDMI:A7 PRO 4+64GB SUNSET ORANGE,12499,
REDMI,29,REDMI:NOTE 15 5G 8+128GB BLACK,28999,
REDMI,30,REDMI:NOTE 15 5G 8+128GB GLACIER BLUE,28999,
REDMI,31,REDMI:NOTE 15 5G 8+128GB MIST PURPLE,28999,
REDMI,32,REDMI:NOTE 15 5G 8+256GB BLACK,31999,
REDMI,33,REDMI:NOTE 15 5G 8+256GB GLACIER BLUE,31999,
REDMI,34,REDMI:NOTE 15 5G 8+256GB MIST PURPLE,31999,
REDMI,35,REDMI:NOTE 15 PRO 5G 8+128GB CARBON BLACK,31999,
REDMI,36,REDMI:NOTE 15 PRO 5G 8+128GB MIRAGE BLUE,31999,
REDMI,37,REDMI:NOTE 15 PRO 5G 8+128GB SILVER ASH,31999,
REDMI,38,REDMI:NOTE 15 PRO 5G 8+256GB CARBON BLACK,34999,
REDMI,39,REDMI:NOTE 15 PRO 5G 8+256GB MIRAGE BLUE,34999,
REDMI,40,REDMI:NOTE 15 PRO 5G 8+256GB SILVER ASH,34999,
REDMI,41,REDMI:NOTE 15 PRO PLUS 5G 12+256GB CARBON BLACK,41999,
REDMI,42,REDMI:NOTE 15 PRO PLUS 5G 12+256GB COFFEE MOCHA,41999,
REDMI,43,REDMI:NOTE 15 PRO PLUS 5G 12+256GB MIRAGE BLUE,41999,
REDMI,44,REDMI:NOTE 15 PRO PLUS 5G 12+512GB CARBON BLACK,44999,
REDMI,45,REDMI:NOTE 15 PRO PLUS 5G 12+512GB COFFEE MOCHA,44999,
REDMI,46,REDMI:NOTE 15 PRO PLUS 5G 12+512GB MIRAGE BLUE,44999,
REDMI,47,REDMI:NOTE 15 PRO PLUS 5G 8+256GB CARBON BLACK,39999,
REDMI,48,REDMI:NOTE 15 PRO PLUS 5G 8+256GB COFFEE MOCHA,39999,
REDMI,49,REDMI:NOTE 15 PRO PLUS 5G 8+256GB MIRAGE BLUE,39999,
REDMI,50,REDMI:PAD 2 PRO 5G 8+128GB GRAPHITE GREY,30999,
REDMI,51,REDMI:PAD 2 PRO 5G 8+128GB QUICK SILVER,30999,
REDMI,52,REDMI:PAD 2 PRO 5G 8+256GB GRAPHITE GREY,32999,
REDMI,53,REDMI:PAD 2 PRO 5G 8+256GB QUICK SILVER,32999,
REDMI,54,REDMI:PAD 2 PRO WIFI 8+128GB GRPHITE GREY,27999,
REDMI,55,REDMI:PAD 2 WIFI 4+128GB GRAPHITE GREY,17999,
REDMI,56,REDMI:PAD 2 WIFI 4+128GB SKY BLUE,17999,
REDMI,57,REDMI:PAD 2 WIFI+CELL 6+128GB GRAPHITE GREY,20999,
REDMI,58,REDMI:PAD 2 WIFI+CELL 6+128GB SKY BLUE,20999,
REDMI,59,REDMI:PAD 2 WIFI+CELL 8+256GB GRAPHITE GREY,22999,
REDMI,60,REDMI:PAD 2 WIFI+CELL 8+256GB SKY BLUE,22999,
REDMI,61,REDMI:PAD PRO 5G 8+128GB GRAPHITE GREY,24999,
REDMI,62,REDMI:PAD PRO 5G 8+128GB QUICK SILVER,24999,
REDMI,63,REDMI:PAD PRO 5G 8+256GB GRAPHITE GREY,26999,
REDMI,64,REDMI:PAD PRO 5G 8+256GB QUICK SILVER,26999,
REDMI,65,REDMI:PAD PRO 6+128GB GRAPHITE GRAY,21999,
REDMI,66,REDMI:PAD PRO 6+128GB MIST MIST BLUE,21999,
REDMI,67,REDMI:WATCH 2 LITE BLACK,1999,
REDMI,68,REDMI:WATCH 3 ACTIVE CHARCOAL BLACK,1999,
REDMI,69,REDMI:WATCH 3 ACTIVE PLATINUM GREY,1999,
REDMI,70,REDMI:WATCH MOVE BLACK DRIFT,1999,
REDMI,71,XIAOMI:17 5G 12+512GB BLACK,89999,
REDMI,72,XIAOMI:17 5G 12+512GB VENTURE GREEN,89999,
REDMI,73,XIAOMI:17 ULTRA 16+512GB BLACK,139999,
REDMI,74,XIAOMI:17T 12+256GB BLACK,64999,
REDMI,75,XIAOMI:17T 12+256GB BLUE,64999,
REDMI,76,XIAOMI:17T 12+256GB VIOLET,64999,
REDMI,77,XIAOMI:17T 12+512GB BLUE,69999,
REDMI,78,XIAOMI:PAD 7 12+256GB MIRAGE PURPLE,31999,
REDMI,79,XIAOMI:PAD 7 12+256GB SAGE GREEN,31999,
REDMI,80,XIAOMI:PAD 7 8+128GB GRAPHITE GREY,28999,
REDMI,81,XIAOMI:PAD 7 8+128GB MIRAGE PURPLE,28999,
REDMI,82,XIAOMI:PAD 7 NANO TEXTURE DISPLAY EDITION 12+256GB GRAPHITE GREY,33999,
REDMI,83,XIAOMI:PAD 7 NANO TEXTURE DISPLAY EDITION 12+256GB SAGE GREEN,33999,
SAMSUNG,1,SAMSUNG:A065FLBG 4+128GB A06 LIGHT BLUE,16999,
SAMSUNG,2,SAMSUNG:A065FZDG 4+128GB A06 GOLD,16999,
SAMSUNG,3,SAMSUNG:A066BLGD 4+64GB A06 5G LIGHT GREEN,15999,
SAMSUNG,4,SAMSUNG:A066BLGG 4+128GB A06 5G MINT,17999,
SAMSUNG,5,SAMSUNG:A066BLGH 6+128GB A06 5G LIGHT GREEN,19999,
SAMSUNG,6,SAMSUNG:A066BZAD 4+64GB A06 5G LIGHT GREY,15999,
SAMSUNG,7,SAMSUNG:A066BZAG 4+128GB A06 5G LIGHT GREY,17999,
SAMSUNG,8,SAMSUNG:A066BZKD 4+64GB A06 5G BLACK,15999,
SAMSUNG,9,SAMSUNG:A066BZKG 4+128GB A06 5G BLACK,17999,
SAMSUNG,10,SAMSUNG:A075FLVD 4+64GB A07 VOILET,13499,
SAMSUNG,11,SAMSUNG:A075FZGD 4+64GB A07 GREEN,13499,
SAMSUNG,12,SAMSUNG:A075FZKD 4+64GB A07 BLACK,13499,
SAMSUNG,13,SAMSUNG:A076BLGB 4+128GB A07 5G LIGHT GREEN,19999,
SAMSUNG,14,SAMSUNG:A076BLGC 6+128GB A07 5G LIGHT GREEN,22999,
SAMSUNG,15,SAMSUNG:A076BLVB 4+128GB A07 5G LIGHT VIOLET,19999,
SAMSUNG,16,SAMSUNG:A076BLVC 6+128GB A07 5G LIGHT VIOLET,22999,
SAMSUNG,17,SAMSUNG:A076BZKB 4+128GB A07 5G BLACK,19999,
SAMSUNG,18,SAMSUNG:A076BZKC 6+128GB A07 5G BLACK,22999,
SAMSUNG,19,SAMSUNG:A176BZAL 6+128GB A17 5G GREY,27999,
SAMSUNG,20,SAMSUNG:A176BZAM 8+128GB A17 5G GREY,30999,
SAMSUNG,21,SAMSUNG:A176BZAN 8+256GB A17 5G GREY,36499,
SAMSUNG,22,SAMSUNG:A176BZBL 6+128GB A17 5G BLUE,27999,
SAMSUNG,23,SAMSUNG:A176BZBM 8+128GB A17 5G BLUE,30999,
SAMSUNG,24,SAMSUNG:A176BZBN 8+256GB A17 5G BLUE,36499,
SAMSUNG,25,SAMSUNG:A176BZKL 6+128GB A17 5G BLACK,27999,
SAMSUNG,26,SAMSUNG:A176BZKM 8+128GB A17 5G BLACK,30999,
SAMSUNG,27,SAMSUNG:A176BZKN 8+256GB A17 5G BLACK,36499,
SAMSUNG,28,SAMSUNG:A276BLGG 8+128GB A275G LIGHT GREEN,33999,
SAMSUNG,29,SAMSUNG:A276BLGH 8+256GB A275G LIGHT GREEN,40499,
SAMSUNG,30,SAMSUNG:A276BLID 6+128GB A275G PINK,33999,
SAMSUNG,31,SAMSUNG:A276BLIG 8+128GB A275G PINK,38999,
SAMSUNG,32,SAMSUNG:A276BZKD 6+128GB A275G BLACK,33999,
SAMSUNG,33,SAMSUNG:A276BZKG 8+128GB A275G BLACK,38999,
SAMSUNG,34,SAMSUNG:A366ELGJ 8+128GB A36 5G AWESOME LIME,33999,
SAMSUNG,35,SAMSUNG:A366ELGJ 8+256GB A36 5G AWESOME LIME,37999,
SAMSUNG,36,SAMSUNG:A366ELGK 8+256GB A36 5G GREEN,37999,
SAMSUNG,37,SAMSUNG:A366ELVJ 8+128GB A36 5G AWESOME LAVENDAR,33999,
SAMSUNG,38,SAMSUNG:A366ELVK 8+256GB A36 5G LAVENDER,37999,
SAMSUNG,39,SAMSUNG:A366ELVN 12+256GB A36 5G AWESOME LAVENDER,43999,
SAMSUNG,40,SAMSUNG:A366EZAJ 8+128GB A36 5G AWESOME WHITE,33999,
SAMSUNG,41,SAMSUNG:A366EZAK 8+256GB A36 5G AWESOME WHITE,37999,
SAMSUNG,42,SAMSUNG:A366EZKJ 8+128GB A36 5G AWESOME BLACK,33999,
SAMSUNG,43,SAMSUNG:A366EZKK 8+256GB A36 5G AWSOME BLACK,37999,
SAMSUNG,44,SAMSUNG:A366EZKN 12+256GB A36 5G AWESOME BLACK,43999,
SAMSUNG,45,SAMSUNG:A376EDGD 8+128GB A37 5G AWSOME GRAYGREEN,46999,
SAMSUNG,46,SAMSUNG:A376EDGG 8+256GB A37 5G AWESOME GRAYGREEN,54499,
SAMSUNG,47,SAMSUNG:A376ELVD 8+128GB A37 5G AWESOME LAVENDER,46999,
SAMSUNG,48,SAMSUNG:A376ELVG 8+256GB A37 5G AWESOME LAVENDER,54499,
SAMSUNG,49,SAMSUNG:A376ELVH 12+256GB A37 5G AWESOME LAVENDER,63999,
SAMSUNG,50,SAMSUNG:A376EZAD 8+128GB A37 5G AWESOME CHARCOAL,46999,
SAMSUNG,51,SAMSUNG:A376EZAG 8+256GB A37 5G AWESOME CHARCOAL,54499,
SAMSUNG,52,SAMSUNG:A376EZAH 12+256GB A37 5G AWESOME CHARCOAL,63999,
SAMSUNG,53,SAMSUNG:A376EZWG 8+256GB A37 5G AWESOME WHITE,54499,
SAMSUNG,54,SAMSUNG:A376EZWH 12+256GB A37 5G AWESOME WHITE,63999,
SAMSUNG,55,SAMSUNG:A566ELIH 12+256GB A56 5G AWSOME PINK,52499,
SAMSUNG,56,SAMSUNG:A566EZAG 8+256GB A56 5G GREY,46999,
SAMSUNG,57,SAMSUNG:A566EZAH 12+256GB A56 5G AWSOME LIGHTGRAY,52499,
SAMSUNG,58,SAMSUNG:A566EZGG 8+256GB A56 5G AWESOME OLIVE,46999,
SAMSUNG,59,SAMSUNG:A566EZGH 12+256GB 56 5G AWESOME OLIVE,52499,
SAMSUNG,60,SAMSUNG:A566EZGZ 8+128GB A56 5G OLIVE,42999,
SAMSUNG,61,SAMSUNG:A566EZKG 8+256GB A56 5G AWESOME GRAPHITE,46999,
SAMSUNG,62,SAMSUNG:A566EZKH 12+256GB A56 5G AWSOME GRAPHITE,52499,
SAMSUNG,63,SAMSUNG:A566EZKZ 8+128GB A56 5G AWESOME GRAPHITE,42999,
SAMSUNG,64,SAMSUNG:A576BDBF 8+256GB A57 5G AWESOME NAVY,62999,
SAMSUNG,65,SAMSUNG:A576BDBG 12+256GB A57 5G AWESOME NAVY,72499,
SAMSUNG,66,SAMSUNG:A576BLBF 8+256GB A57 5G AWESOME ICYBLUE,62999,
SAMSUNG,67,SAMSUNG:A576BLBG 12+256GB A57 5G AWESOME ICYBLUE,72499,
SAMSUNG,68,SAMSUNG:A576BZAF 8+256GB A575G GREY,62999,
SAMSUNG,69,SAMSUNG:A576BZVF 8+256GB A57 5G AWESOME LILAC,56999,
SAMSUNG,70,SAMSUNG:A576BZVG 12+256GB A57 5G AWESOME LILAC,72499,
SAMSUNG,71,SAMSUNG:E176BLVA 4+128GB F17 5G VIOLET POP,23499,
SAMSUNG,72,SAMSUNG:E176BLVB 6+128GB F17 5G LIGHTVIOLET,26499,
SAMSUNG,73,SAMSUNG:E176BLVD 8+128GB F17 5G VIOLET POP,29499,
SAMSUNG,74,SAMSUNG:E176BZKA 4+128GB F17 5G NEO BLACK,23499,
SAMSUNG,75,SAMSUNG:E176BZKB 6+128GB F17 5G NEO BLACK,23999,
SAMSUNG,76,SAMSUNG:E176BZKD 8+128GB F17 5G NEO BLACK,29499,
SAMSUNG,77,SAMSUNG:E366BZKB 6+128GB F36 5G BLACK,21999,
SAMSUNG,78,SAMSUNG:E366BZKD 8+128GB F36 5G BLACK,23999,
SAMSUNG,79,SAMSUNG:F761BZKE 8+256GB FLIP 7 FE BLACK,95999,
SAMSUNG,80,SAMSUNG:F761BZWE 8+256GB FLIP 7 FE WHITE,95999,
SAMSUNG,81,SAMSUNG:F766BDBA 12+256GB FLIP 7 BLUE SHADOW,109999,
SAMSUNG,82,SAMSUNG:F966BDBD 12+256GB FOLD 7 BLUE SHADOW,174999,
SAMSUNG,83,SAMSUNG:F966BDBG 12+512GB FOLD 7 BLUE SHADOW,186999,
SAMSUNG,84,SAMSUNG:F966BLGD 12+256GB FOLD 7 MINT,174999,
SAMSUNG,85,SAMSUNG:F966BLGG 12+512GB FOLD 7 MINT,186999,
SAMSUNG,86,SAMSUNG:F966BZKD 12+256GB FOLD 7 JETBLACK,174999,
SAMSUNG,87,SAMSUNG:F966BZKG 12+512GB FOLD 7 JETBLACK,186999,
SAMSUNG,88,SAMSUNG:F966BZSD 12+256GB FOLD 7 SILVER SHADOW,174999,
SAMSUNG,89,SAMSUNG:F966BZSG 12+512GB FOLD 7 SILVER SHADOW,186999,
SAMSUNG,90,SAMSUNG:M366BLGB 6+128GB M36 5G LIGHT GREEN,21999,
SAMSUNG,91,SAMSUNG:M366BLGD 8+128GB M36 5G LIGHT GREEN,23999,
SAMSUNG,92,SAMSUNG:M366BLGG 8+256GB M36 5G LIGHT GREEN,27999,
SAMSUNG,93,SAMSUNG:M366BZKB 6+128GB M36 5G BLACK,21999,
SAMSUNG,94,SAMSUNG:M366BZKD 8+128GB M36 5G BLACK,23999,
SAMSUNG,95,SAMSUNG:M366BZKG 8+256GB M36 5G BLACK,27999,
SAMSUNG,96,SAMSUNG:M366BZOD 8+128GB M36 5G ORANGE,23999,
SAMSUNG,97,SAMSUNG:S25 FE S731BDBH 8+512GB NAVY,76999,
SAMSUNG,98,SAMSUNG:S25 FE S731BZKH 8+512GB JETBLACK,76999,
SAMSUNG,99,SAMSUNG:S25 S931BDBC 12+256GB NAVY,80999,
SAMSUNG,100,SAMSUNG:S25 S931BLBC 12+256GB ICYBLUE,80999,
SAMSUNG,101,SAMSUNG:S25 S931BLGC 12+256GB MINT,80999,
SAMSUNG,102,SAMSUNG:S25 S931BZSC 12+256GB SILVER SHADOW,80999,
SAMSUNG,103,SAMSUNG:S25 ULTRA S938BZBB 12+256GB SILVERBLUE,119999,
SAMSUNG,104,SAMSUNG:S25 ULTRA S938BZBC 12+512GB TITANIUM SILVERBLUE,139999,
SAMSUNG,105,SAMSUNG:S25 ULTRA S938BZDC 12+512GB TITANIUM PINKGOLD,139999,
SAMSUNG,106,SAMSUNG:S25 ULTRA S938BZGC 12+512GB TITANIUM JADEGREEN,139999,
SAMSUNG,107,SAMSUNG:S25 ULTRA S938BZKB 12+256GB TITANIUM BLACK,119999,
SAMSUNG,108,SAMSUNG:S25 ULTRA S938BZKC 12+512GB TITANIUM BLACK,139999,
SAMSUNG,109,SAMSUNG:S25 ULTRA S938BZSB 12+256GB WHITESILVER,119999,
SAMSUNG,110,SAMSUNG:S25 ULTRA S938BZSC 12+512GB TITANIUM WHITESILVER,139999,
SAMSUNG,111,SAMSUNG:S25 ULTRA S938BZTB 12+256GB TITANIUM GRAY,119999,
SAMSUNG,112,SAMSUNG:S25 ULTRA S938BZTC 12+512GB TITANIUM GREY,139999,
SAMSUNG,113,SAMSUNG:S26 PLUS S947BZVC 12+512GB COBALT VIOLET,139999,
SAMSUNG,114,SAMSUNG:S26 S942BLBC 12+256GB LIGHT BLUE,87999,
SAMSUNG,115,SAMSUNG:S26 S942BZKC 12+256GB BLACK,87999,
SAMSUNG,116,SAMSUNG:S26 S942BZVC 12+256GB COBALT VOILET,87999,
SAMSUNG,117,SAMSUNG:S26 ULTRA S948BLBB 12+256GB LIGHT BLUE,139999,
SAMSUNG,118,SAMSUNG:S26 ULTRA S948BLBC 12+512GB SKY BLUE,159999,
SAMSUNG,119,SAMSUNG:S26 ULTRA S948BZDC 12+512GB PINK GOLD,159999,
SAMSUNG,120,SAMSUNG:S26 ULTRA S948BZKB 12+256GB BLACK,139999,
SAMSUNG,121,SAMSUNG:S26 ULTRA S948BZKC 12+512GB BLACK,159999,
SAMSUNG,122,SAMSUNG:S26 ULTRA S948BZSC 12+512GB SILVERSHADOW,159999,
SAMSUNG,123,SAMSUNG:S26 ULTRA S948BZVB 12+256GB COBALT VIOLET,139999,
SAMSUNG,124,SAMSUNG:S26 ULTRA S948BZVC 12+512GB COBALT VIOLET,159999,
SAMSUNG,125,SAMSUNG:S26 ULTRA S948BZVQ 16+1TB COBALT VIOLET,189999,
SAMSUNG,126,SAMSUNG:S26 ULTRA S948BZWB 12+256GB WHITE,139999,
SAMSUNG,127,SAMSUNG:S26 ULTRA S948BZWC 12+512GB WHITE,159999,
SAMSUNG,128,SAMSUNG:WATCH 7 ULTRA L705FDAA TITANIUM GRAY,59999,
SAMSUNG,129,SAMSUNG:WATCH 8 44MM L330NDAA BT GRAPHITE,35999,
SAMSUNG,130,SAMSUNG:WATCH 8 44MM L330NZSA BT SILVER,36999,
SAMSUNG,131,SAMSUNG:WATCH 8 44MM L335FDAA LTE GRAPHITE,39999,
SAMSUNG,132,SAMSUNG:WATCH 8 44MM L335FZSA LTE SILVER,39999,
SAMSUNG,133,SAMSUNG:WATCH ULTRA 2 (2025) L705FZB1 47MM LTE BLUE,59999,
SAMSUNG,134,SAMSUNG:WATCH ULTRA 2 (2025) L705FZB1 BLUE.,59999,
SAMSUNG,135,SAMSUNG:X135GZAE 8+128GB A11 LTE GREY,27999,
SAMSUNG,136,SAMSUNG:X135GZSA 4+64GB A11 LTE SILVER,22999,
SAMSUNG,137,SAMSUNG:X135GZSE 8+128GB A11 LTE SILVER,27999,
SAMSUNG,138,SAMSUNG:X230NZAE 8+256GB A11 PLUS WIFI GREY,39999,
SAMSUNG,139,SAMSUNG:X236BZSA 6+128GB A11 PLUS 5G SILVER,31999,
SAMSUNG,140,SAMSUNG:X406BZRA 6+128GB S10 LITE 5G CORAL RED,42999,
SAMSUNG,141,SAMSUNG:X406BZSA 6+128GB S10 LITE 5G SILVER,42999,
SAMSUNG,142,SAMSUNG:F971BLVD FOLD 8 12+256GB LAVENDER ,179999,
SAMSUNG,143,SAMSUNG:F976BDGD FOLD 8 ULTRA 12+256GB GREEN SHADOW ,199999,
SAMSUNG,144,SAMSUNG:F976BZVD FOLD 8 ULTRA 12+256GB VIOLET SHADOW ,199999,
SAMSUNG,145,SAMSUNG:L355FZSA WATCH 9 44MM LTE SILVER ,44999,
SAMSUNG,146,SAMSUNG:L715FZKA WATCH ULTRA 2 GREY,64999,
SAMSUNG,147,SAMSUNG:F971BLVG FOLD 8 12+512GB LAVENDER,199999,
SAMSUNG,148,SAMSUNG:F971BZGD FOLD 8 12+256GB GREEN,179999,
SAMSUNG,149,SAMSUNG:F971BZKD FOLD 8 12+256GB GRAPHITE,179999,
SAMSUNG,150,SAMSUNG:F971BZKG FOLD 8 12+512GB GRAPHITE,199999,
SAMSUNG,151,SAMSUNG:F971BZWD FOLD 8 12+256GB CREAM,179999,
SAMSUNG,152,SAMSUNG:F971BZWG FOLD 8 12+512GB CREAM,199999,
SAMSUNG,153,SAMSUNG:F976BDGG FOLD 8 ULTRA 12+512GB GREEN SHADOW,219999,
SAMSUNG,154,SAMSUNG:F976BZKD FOLD 8 ULTRA 12+256GB GRAPHITE,199999,
SAMSUNG,155,SAMSUNG:F976BZKG FOLD 8 ULTRA 12+512GB GRAPHITE,219999,
SAMSUNG,156,SAMSUNG:F976BZVG FOLD 8 ULTRA 12+512GB VOILET SHADOW,219999,
SAMSUNG,157,SAMSUNG:F976BZVH FOLD 8 ULTRA 16+1TB VOILET SHADOW,259999,
SAMSUNG,158,SAMSUNG:F976BZWD FOLD 8 ULTRA 12+256GB CREAM,199999,
SAMSUNG,159,SAMSUNG:F976BZWG FOLD 8 ULTRA 12+512GB CREAM,219999,
TECNO,1,TECNO:POVA CURVE 2 5G 8+128GB MELTING SILVER,31999,
TECNO,2,TECNO:POVA CURVE 2 5G 8+128GB STORM TITANIUM,31999,
TECNO,3,TECNO:POVA CURVE 2 5G 8+256GB MELTING SILVER,33999,
TECNO,4,TECNO:POVA CURVE 2 5G 8+256GB MYSTIC PURPLE,33999,
TECNO,5,TECNO:POVA CURVE 2 5G 8+256GB STORM TIATNIUM,33999,
TECNO,6,TECNO:SPARK 50 4+128GB CHAMPANG GOLD,19999,
TECNO,7,TECNO:SPARK 50 4+128GB FANTASY PURPLE,19999,
TECNO,8,TECNO:SPARK 50 4+128GB INK BLACK,19999,
TECNO,9,TECNO:SPARK 50 4+128GB MINT GREEN,19999,
TECNO,10,TECNO:SPARK 50 6+128GB CHAMPAGNE GOLD,22999,
TECNO,11,TECNO:SPARK 50 6+128GB FANTASY PURPLE,22999,
TECNO,12,TECNO:SPARK 50 6+128GB INK BLACK,22999,
TECNO,13,TECNO:SPARK 50 6+128GB MINT GREEN,22999,
TECNO,14,TECNO:SPARK GO 3 4+64GB AURORA PURPLE,12499,
TECNO,15,TECNO:SPARK GO 3 4+64GB GALAXY BLUE,12499,
TECNO,16,TECNO:SPARK GO 3 4+64GB INK BLACK,12499,
TECNO,17,TECNO:SPARK GO 3 4+64GB TITANIUM GRAY,12499,
VIVO,1,VIVO:T4 LITE 5G 4+128GB PRISM BLUE,18999,
VIVO,2,VIVO:T4 LITE 5G 4+128GB TITANIUM GOLD,18999,
VIVO,3,VIVO:T4 LITE 5G 6+128GB PRISM BLUE,20999,
VIVO,4,VIVO:T4 LITE 5G 6+128GB TITANIUM GOLD,20999,
VIVO,5,VIVO:T4 LITE 5G 8+256GB PRISM BLUE,23999,
VIVO,6,VIVO:T4 LITE 5G 8+256GB TITANIUM GOLD,23999,
VIVO,7,VIVO:T5X 5G 6+128GB CYBER GREEN,24999,
VIVO,8,VIVO:T5X 5G 6+128GB STAR SILVER,24999,
VIVO,9,VIVO:T5X 5G 8+128GB CYBER GREEN,27999,
VIVO,10,VIVO:T5X 5G 8+128GB STAR SILVER,27999,
VIVO,11,VIVO:T5X 5G 8+256GB CYBER GREEN,30999,
VIVO,12,VIVO:T5X 5G 8+256GB STAR SILVER,30999,
VIVO,13,VIVO:V70 12+256GB LEMON YELLOW,64999,
VIVO,14,VIVO:V70 12+256GB PASSION RED,64999,
VIVO,15,VIVO:V70 8+256GB AUTHENTIC BLACK,59999,
VIVO,16,VIVO:V70 8+256GB LEMON YELLOW,59999,
VIVO,17,VIVO:V70 8+256GB PASSION RED,59999,
VIVO,18,VIVO:V70 8+256GB SAND BEIGE,59999,
VIVO,19,VIVO:V70 ELITE 12+256GB AUTHENTIC BLACK,71999,
VIVO,20,VIVO:V70 ELITE 12+256GB PASSION RED,71999,
VIVO,21,VIVO:V70 ELITE 12+256GB SAND BEIGE,71999,
VIVO,22,VIVO:V70 ELITE 12+512GB AUTHENTIC BLACK,61999,
VIVO,23,VIVO:V70 ELITE 12+512GB PASSION RED,61999,
VIVO,24,VIVO:V70 ELITE 8+256GB AUTHENTIC BLACK,66999,
VIVO,25,VIVO:V70 ELITE 8+256GB PASSION RED,66999,
VIVO,26,VIVO:V70 ELITE 8+256GB SAND BEIGE,66999,
VIVO,27,VIVO:V70 FE 12+256GB MONSOON BLUE,51999,
VIVO,28,VIVO:V70 FE 12+256GB NORTHERN LIGHTS PURPLE,51999,
VIVO,29,VIVO:V70 FE 8+128GB MONSOON BLUE,44999,
VIVO,30,VIVO:V70 FE 8+128GB NORTHERN LIGHTS PURPLE,44999,
VIVO,31,VIVO:V70 FE 8+256GB MONSOON BLUE,49999,
VIVO,32,VIVO:V70 FE 8+256GB NORTHERN LIGHTS PURPLE,49999,
VIVO,33,VIVO:X300 16+512GB SUMMIT RED,85999,
VIVO,34,VIVO:X300 FE 12+256GB LILAC PURPLE,89999,
VIVO,35,VIVO:X300 FE 12+256GB NOIR BLACK,89999,
VIVO,36,VIVO:X300 FE 12+256GB URBAN OLIVE,89999,
VIVO,37,VIVO:X300 FE 12+512GB LILAC PURPLE,99999,
VIVO,38,VIVO:X300 FE 12+512GB NOIR BLACK,99999,
VIVO,39,VIVO:X300 FE 12+512GB URBAN OLIVE,99999,
VIVO,40,VIVO:X300 PRO 16+512GB DUNE GOLD,119999,
VIVO,41,VIVO:X300 PRO 16+512GB ELITE BLACK,119999,
VIVO,42,VIVO:X300 ULTRA 16+512GB VICTORY GREEN,159999,
VIVO,43,VIVO:X300 ULTRA 16+512GB WITH PHOTOGRAPHER KIT,209999,
VIVO,44,VIVO:Y05 4+64GB CHAMPAGNE GOLD,14999,
VIVO,45,VIVO:Y05 4+64GB MIDNIGHT BLUE,14999,
VIVO,46,VIVO:Y05 4+64GB MYSTIC BLUE,14999,
VIVO,47,VIVO:Y05 4+64GB STRAW GOLD,14999,
VIVO,48,VIVO:Y11 5G 4+128GB COSMIC GOLD,20999,
VIVO,49,VIVO:Y11 5G 4+128GB MIDNIGHT BLUE,20999,
VIVO,50,VIVO:Y11 5G 4+128GB MYSTIC BLUE,20999,
VIVO,51,VIVO:Y11 5G 4+128GB SUNRISE GOLD,20999,
VIVO,52,VIVO:Y11 5G 4+64GB COSMIC GOLD,17999,
VIVO,53,VIVO:Y11 5G 4+64GB MIDNIGHT BLUE,17999,
VIVO,54,VIVO:Y11 5G 4+64GB MYSTIC BLUE,17999,
VIVO,55,VIVO:Y11 5G 4+64GB SUNRISE GOLD,17999,
VIVO,56,VIVO:Y21 5G 4+128GB CHAMPAGNE GOLD,22499,
VIVO,57,VIVO:Y21 5G 4+128GB MIDNIGHT BLUE,22499,
VIVO,58,VIVO:Y21 5G 4+128GB MYSTIC BLUE,22499,
VIVO,59,VIVO:Y21 5G 4+128GB STRAW GOLD,22499,
VIVO,60,VIVO:Y21 5G 6+128GB CHAMPAGNE GOLD,26499,
VIVO,61,VIVO:Y21 5G 6+128GB MIDNIGHT BLUE,26499,
VIVO,62,VIVO:Y31 5G 4+128GB DAIMOND GREEN,19999,
VIVO,63,VIVO:Y31 5G 4+128GB ROSE RED,19999,
VIVO,64,VIVO:Y31 5G 6+128GB DIAMOND GREEN,25999,
VIVO,65,VIVO:Y31 5G 6+128GB NOVA GREEN,25999,
VIVO,66,VIVO:Y31 5G 6+128GB ROSE RED,25999,
VIVO,67,VIVO:Y31 5G 6+256GB DIAMOND GREEN,31999,
VIVO,68,VIVO:Y31 5G 6+256GB ROSE RED,31999,
VIVO,69,VIVO:Y400 5G 8+128GB DYNAMIC GREEN,31999,
VIVO,70,VIVO:Y400 5G 8+128GB GLAM WHITE,31999,
VIVO,71,VIVO:Y400 5G 8+128GB OLIVE GREEN,31999,
VIVO,72,VIVO:Y400 5G 8+256GB GLAM WHITE,34999,
VIVO,73,VIVO:Y400 5G 8+256GB OLIVE GREEN,34999,
VIVO,74,VIVO:Y51 PRO 5G 8+128GB CRIMSON RED,32999,
VIVO,75,VIVO:Y51 PRO 8+128GB FESTIVE RED,32999,
VIVO,76,VIVO:Y51 PRO 8+128GB NOBLE GOLD,32999,
VIVO,77,VIVO:Y51 PRO 8+256GB FESTIVE RED,37999,
VIVO,78,VIVO:Y51 PRO 8+256GB NOBLE GOLD,37999,